district,population_2022
Bagerhat,1338096
Bandarban,497397
Barguna,898288
Barisal,2192962
Bhola,1772115
Bogra,3702387
Brahamanbaria,3261331
Chandpur,2468479
Chittagong,8606592
Chuadanga,1216379
Comilla,6262743
Cox's Bazar,2890272
Dhaka,18113283
Dinajpur,3255541
Faridpur,2018158
Feni,1614966
Gaibandha,2545669
Gazipur,6154811
Gopalganj,1123453
Habiganj,2404043
Jamalpur,2395906
Jessore,2972217
Jhalokati,639323
Jhenaidah,1910352
Joypurhat,947031
Khagrachhari,697657
Khulna,2181770
Kishoreganj,3150871
Kurigram,2309661
Kushtia,2099291
Lakshmipur,1946592
Lalmonirhat,1368552
Madaripur,1127908
Magura,983429
Manikganj,1463813
Maulvibazar,2217984
Meherpur,696968
Munshiganj,1560983
Mymensingh,5628978
Naogaon,2711029
Narail,710145
Narayanganj,3968554
Narsingdi,2525087
Natore,1840322
Nawabganj,1836973
Netrakona,2405452
Nilphamari,2076058
Noakhali,3665008
Pabna,2832687
Panchagarh,1127967
Patuakhali,1548309
Pirojpur,1059726
Rajbari,1113458
Rajshahi,2837737
Rangamati,682248
Rangpur,3147367
Satkhira,2023845
Shariatpur,1188172
Sherpur,1379426
Sirajganj,3442663
Sunamganj,2945083
Sylhet,4609848
Tangail,3804363
Thakurgaon,1532697
